GRACE pixel latitude (deg),GRACE pixel longitude (deg),Number of lakes in pixel,HydroLAKES IDs,Lake names,Country,Total lake area (km2),Lake record completeness (%),Lake std as % of GRACE std,Residual lake storage std (cm WE),Residual GRACE TWSA std (cm WE),Residual lake std as % of GRACE,Lake trend (cm/yr),GRACE trend (cm/yr),Overlap months,GRACE window (deg),GRACE window area (km2),Cumulative EPE precipitation (cm),Cumulative GRACE residual response (cm),Cumulative uncertainty (cm),Relative uncertainty (% of response),Recharge efficiency (%),RE cell ID,lake_std_c,grace_std_
41.5,61.5,6,"=""1308,172470,172440,172461,172491,172496""",No Name; No Name; No Name; No Name; No Name; No Name,Multiple,430.3,59.56,414.62,7.12,1.56,455.01,-0.2,0.03,231,1,9281.2,76.57,8.47,3.63,42.9,11.06,P00092_00182,7.42,1.79
37.5,-110.5,4,"=""799,9286,9285,9281""",No Name; No Name; No Name; No Name,United States of America,187.9,71.61,358.1,12.7,2.59,491.44,-0.97,-0.28,230,1,9831.4,140.22,10.24,1.27,12.37,7.31,P00088_00010,14.67,4.1
-30.5,25.5,1,"=""1678""",Hendrik Verwoerd,South Africa,294.4,76.36,249.13,7.48,2.81,266.04,0.2,0.28,230,1,10677.4,311.57,16.75,2.67,15.93,5.38,P00020_00146,8.17,3.28
45.5,100.5,2,"=""1288,170778""",Orog; No Name,Mongolia,119.2,51.36,130.2,1.34,0.88,152.17,0.1,-0.11,217,1,8685.8,99.62,1.58,0.91,57.14,1.59,P00096_00221,1.47,1.13
42.5,-106.5,3,"=""9117,9127,111158""",Pathfinder; Seminoe; No Name,United States of America,134.9,50.0,128.49,4.91,2.97,165.33,0.59,-0.12,230,1,9136.4,163.93,14.3,2.35,16.42,8.73,P00093_00014,6.13,4.77
31.5,61.5,4,"=""1435,15190,175519,175579""",Hamun-E Saberi; No Name; No Name; No Name,Multiple,594.8,57.66,127.11,6.22,1.47,423.79,-0.23,-0.97,230,1,10566.0,63.22,6.64,1.39,20.96,10.5,P00082_00182,7.22,5.68
37.5,-111.5,2,"=""802,112734""",Lake Powell; No Name,United States of America,123.9,68.22,125.95,4.47,2.76,161.62,-0.39,-0.38,231,1,9831.4,120.5,11.75,2.13,18.11,9.75,P00088_00009,5.48,4.35
31.5,83.5,5,"=""1431,1442,15160,175564,175609""",Ngangla Ringco; Jen-ch'ing hsiu-pu-ts'o; No Name; No Name; No Name,China,754.2,60.39,122.5,3.54,2.83,125.07,0.3,0.11,230,1,10566.0,166.07,5.13,2.78,54.26,3.09,P00082_00204,4.41,3.6
29.5,-101.5,1,"=""848""",Amistad Reservoir,Mexico,131.5,88.37,114.78,3.38,2.93,115.58,-0.76,-0.79,231,1,10785.6,265.0,8.31,1.67,20.15,3.14,P00080_00019,6.01,5.24
39.5,78.5,3,"=""1325,14572,14579""",Xiaoxihaiz Shuiku; No Name; No Name,China,152.8,53.23,102.04,1.46,1.18,124.04,-0.01,-0.33,230,1,9562.1,54.17,1.5,0.76,50.71,2.77,P00090_00199,2.24,2.2
36.5,62.5,1,"=""14823""",Saryyazin Skoye,Turkmenistan,63.8,53.88,84.5,2.18,1.91,114.0,-0.08,-0.31,193,1,9961.5,145.01,4.6,2.14,46.53,3.17,P00087_00183,2.68,3.17
31.5,50.5,2,"=""15161,15153""",No Name; No Name,Iran,53.3,66.86,78.06,4.1,4.21,97.52,0.39,-0.42,229,1,10566.0,379.94,12.86,3.4,26.41,3.39,P00082_00171,5.2,6.67
41.5,-109.5,1,"=""784""",Flaming Gorge,United States of America,126.5,69.77,77.63,4.92,3.06,160.89,0.02,-0.42,231,1,9281.2,135.99,3.83,1.31,34.18,2.82,P00092_00011,4.99,6.42
36.5,-107.5,1,"=""9298""",Navajo,United States of America,52.2,72.48,74.25,3.38,2.41,140.4,-0.24,-0.67,231,1,9961.5,140.51,15.07,2.01,13.33,10.73,P00087_00013,3.77,5.08
47.5,93.5,2,"=""1239,169138""",Dorgon; No Name,Mongolia,373.3,50.58,74.03,0.91,1.32,68.54,0.1,-0.1,231,1,8372.0,85.93,2.75,0.48,17.35,3.2,P00098_00214,1.12,1.52
49.5,90.5,1,"=""1224""",Achit,Mongolia,284.4,54.26,69.65,1.64,2.05,80.25,-0.09,-0.16,228,1,8048.0,89.07,11.48,1.39,12.1,12.89,P00100_00211,1.86,2.66
40.5,61.5,3,"=""14497,14502,14492""",No Name; No Name; No Name,Turkmenistan,92.6,63.18,62.07,1.85,1.59,116.37,-0.01,0.44,222,1,9423.1,69.55,4.74,2.17,45.71,6.82,P00091_00182,1.93,3.11
-43.5,-66.5,1,"=""10620""",Florentino Ameghino,Argentina,30.5,64.73,60.91,1.6,1.51,106.21,-0.14,-0.27,227,1,8988.9,129.69,1.56,0.66,42.05,1.2,P00007_00054,1.89,3.11
-38.5,-67.5,1,"=""977""",No Name,Argentina,238.1,80.62,51.56,2.23,4.28,51.97,-0.44,-0.7,230,1,9698.2,185.39,14.66,2.98,20.34,7.91,P00012_00053,3.6,6.98
43.5,-117.5,1,"=""9050""",Lake Owyhee,United States of America,40.5,58.53,50.25,3.69,2.99,123.44,0.07,-0.38,217,1,8988.9,123.19,14.22,1.85,13.0,11.54,P00094_00003,4.02,8.0
32.5,-7.5,1,"=""15102""",No Name,Morocco,86.4,65.89,48.23,2.82,4.01,70.42,-0.1,-0.78,227,1,10451.4,211.76,11.98,4.1,34.25,5.66,P00083_00113,2.88,5.98
37.5,88.5,1,"=""1352""",Aqqikkol,China,354.7,67.05,45.39,1.6,1.23,130.39,0.2,0.81,229,1,9831.4,61.2,1.76,1.14,64.85,2.88,P00088_00209,2.13,4.69
27.5,-105.5,1,"=""9632""",No Name,Mexico,79.1,89.92,45.02,3.3,3.81,86.59,-0.09,-1.12,231,1,10992.0,325.09,11.66,2.0,17.17,3.59,P00078_00015,3.48,7.74
32.5,65.5,1,"=""15118""",No Name,Afghanistan,42.7,71.32,43.92,2.1,3.41,61.45,-0.16,-0.93,230,1,10451.4,205.99,11.11,1.91,17.16,5.39,P00083_00186,3.02,6.88
32.5,49.5,1,"=""15138""",No Name,Iran,34.5,64.34,43.68,3.31,5.6,59.09,-0.02,-0.43,230,1,10451.4,367.04,15.01,4.65,30.95,4.09,P00083_00170,3.75,8.59
36.5,38.5,1,"=""1356""",No Name,Syria,157.4,69.38,42.07,3.39,5.26,64.59,-0.48,-1.54,231,1,9961.5,167.54,7.4,2.08,28.07,4.42,P00087_00159,4.55,10.81
30.5,-6.5,1,"=""15256""",No Name,Morocco,33.5,73.26,38.6,0.96,1.74,55.39,-0.09,-0.4,231,1,10677.4,81.5,5.29,1.42,26.93,6.49,P00081_00114,1.13,2.93
32.5,45.5,4,"=""1415,15072,175144,175321""",No Name; No Name; No Name; No Name,Iraq,173.7,52.23,34.55,1.76,4.41,39.8,0.06,-0.51,231,1,10451.4,126.35,11.57,1.53,13.23,9.15,P00083_00166,1.98,5.74
-38.5,-68.5,3,"=""978,979,122976""",Los Barreales; Mari Menuco; No Name,Argentina,565.7,74.55,32.12,1.99,4.41,45.16,-0.0,-0.48,229,1,9698.2,172.53,14.39,3.12,21.64,8.34,P00012_00052,2.29,7.11
-28.5,120.5,1,"=""1666""",No Name,Australia,107.6,51.55,31.3,0.61,1.82,33.74,-0.01,-0.1,205,1,10890.4,191.72,4.28,0.74,17.39,2.23,P00022_00241,0.63,2.0
44.5,-108.5,1,"=""8905""",No Name,United States of America,21.2,45.35,30.73,1.3,3.66,35.39,0.15,-0.07,171,1,8838.7,172.39,11.97,2.6,21.75,6.94,P00095_00012,1.65,5.37
-32.5,142.5,4,"=""16551,16550,184370,184373""",No Name; No Name; No Name; No Name,Australia,93.6,71.32,30.1,1.18,3.33,35.44,-0.03,0.41,226,1,10451.4,220.35,14.02,1.65,11.77,6.36,P00018_00263,1.2,4.0
-33.5,141.5,5,"=""1690,16591,184594,184642,184601""",Victoria; No Name; No Name; No Name; No Name,Australia,186.8,63.33,29.65,1.04,3.18,32.84,-0.01,0.35,231,1,10333.6,158.64,12.67,1.89,14.9,7.99,P00017_00262,1.11,3.75
39.5,64.5,6,"=""1324,14600,14612,14569,173059,172898""",Kuyumazarskoye; No Name; No Name; No Name; No Name; No Name,Uzbekistan,294.4,61.5,29.28,0.5,1.81,27.63,-0.08,0.12,230,1,9562.1,140.17,11.21,3.62,32.28,8.0,P00090_00185,0.86,2.93
-24.5,17.5,2,"=""16309,183106""",No Name; No Name,Namibia,23.3,61.05,29.02,0.58,2.25,25.98,-0.06,0.15,216,1,11276.4,201.54,19.17,2.48,12.96,9.51,P00026_00138,0.74,2.56
33.5,-111.5,4,"=""9422,113303,113258,113221""",Roosevelt Lake; Apache Lake; Bartlett Lake; Horseshoe Lake,United States of America,55.3,67.73,28.46,1.21,1.84,65.68,0.03,-0.69,230,1,10333.6,165.07,9.79,1.37,13.95,5.93,P00084_00009,1.27,4.45
-28.5,144.5,11,"=""16422,16423,16403,183645,183784,183665,183776,183759,183631,183744,183725""",No Name; No Name; No Name; No Name; No Name; No Name; No Name; No Name; …,Australia,114.3,62.93,26.14,1.12,4.14,26.97,-0.0,0.17,230,1,10890.4,295.32,16.4,1.96,11.96,5.55,P00022_00265,1.12,4.28
48.5,63.5,4,"=""13880,13901,168068,168142""",No Name; No Name; No Name; No Name,Kazakhstan,118.7,40.99,24.78,0.69,2.21,31.19,0.06,-0.09,231,1,8211.3,109.28,7.16,3.27,45.74,6.55,P00099_00184,0.88,3.55
32.5,48.5,1,"=""15101""",No Name,Iran,27.3,67.44,23.54,1.94,5.93,32.71,0.14,-0.51,229,1,10451.4,264.45,12.6,3.7,29.35,4.77,P00083_00169,2.11,8.97
37.5,61.5,1,"=""1349""",Kayrakkumskoye,Turkmenistan,153.6,65.89,22.35,0.42,1.73,24.4,-0.02,0.14,224,1,9831.4,138.24,4.5,2.1,46.7,3.26,P00088_00182,0.58,2.59
49.5,63.5,12,"=""13842,13878,167411,167553,167113,167177,167242,167363,167820,167286,167233,167383""",No Name; No Name; No Name; No Name; No Name; No Name; No Name; No Name; …,Kazakhstan,103.5,34.63,21.4,0.64,2.36,27.04,0.02,0.06,226,1,8048.0,109.09,7.26,2.4,33.11,6.66,P00100_00184,0.85,3.97
-31.5,-68.5,1,"=""10463""",No Name,Argentina,17.7,70.54,21.25,0.61,3.2,19.01,-0.05,-0.46,190,1,10566.0,137.22,15.86,1.76,11.1,11.56,P00019_00052,0.71,3.33
-30.5,119.5,1,"=""16507""",No Name,Australia,46.6,57.36,21.18,0.3,1.33,22.63,-0.01,0.0,219,1,10677.4,139.1,1.66,0.33,19.84,1.2,P00020_00240,0.35,1.67
-31.5,121.5,3,"=""16523,184300,184301""",No Name; No Name; No Name,Australia,50.2,45.99,20.79,0.36,1.47,24.29,-0.01,-0.04,220,1,10566.0,223.95,2.18,0.88,40.13,0.97,P00019_00242,0.39,1.86
48.5,61.5,13,"=""13883,13914,168299,168349,167922,168500,168244,168312,168380,168263,168165,168311,168561""",No Name; No Name; No Name; No Name; No Name; No Name; No Name; No Name; …,Kazakhstan,94.4,40.16,20.6,0.75,2.56,29.22,-0.03,-0.24,231,1,8211.3,82.49,12.56,3.5,27.87,15.23,P00099_00182,0.83,4.04
49.5,62.5,9,"=""13823,13807,13876,167320,167615,167799,167635,167646,167877""",No Name; No Name; No Name; No Name; No Name; No Name; No Name; No Name; …,Kazakhstan,89.5,42.94,20.2,0.6,2.55,23.68,-0.01,-0.05,231,1,8048.0,107.52,13.38,4.69,35.06,12.45,P00100_00183,0.85,4.19
